{"cameraMode":{"drawMode":0,"name":"Shaded","section":"Shading Mode"},"sceneLighting":false,"audioPlay":false,"sceneViewState":{"showFog":true,"showMaterialUpdate":false,"showSkybox":true,"showFlares":true,"showImageEffects":true,"showParticleSystems":true},"in2DMode":false,"pivot":{"x":-2.559999942779541,"y":1.2799999713897706,"z":0.0},"rotation":{"x":-0.3392326831817627,"y":-0.10356266051530838,"z":0.037604980170726779,"w":-0.9342279434204102},"size":12.600642204284668,"orthographic":false}